amc_name,fund_name,category,1yr,2yr,3yr,5yr,inception
Accelt asset management LLP,Long Term Equity Fund,Multi Cap & Flexi Cap,0.55%,NA,NA,NA,Nov 2024
Aarth AIF,Aarth Growth Fund,Small Cap,1.14%,NA,NA,NA,Dec 2024
Abans Investment Managers,Growth and Momentum,Multi Cap & Flexi Cap,2.00%,3.16%,14.67%,15.63%,Jan 2012
Abans Investment Managers,Smart Beta Portfolio,Mid Cap,1.83%,-1.99%,15.25%,12.95%,Apr 2019
360 ONE Asset Management,Multicap PMS,Multi Cap & Flexi Cap,3.00%,6.80%,13.24%,13.17%,Nov 2013
360 ONE Asset Management,Phoenix PMS,Multi Cap & Flexi Cap,8.57%,9.49%,20.87%,18.93%,Jan 2021
Accuracap,Picopower,Small & Mid Cap,-1.08%,3.67%,18.73%,19.63%,Oct 2011
Accuracap,Alpha10,Large Cap,6.27%,4.16%,12.46%,9.68%,Sep 2011
Accuracap,Alphagen,Multi Cap & Flexi Cap,5.70%,4.70%,16.00%,13.24%,Dec 2015
Accuracap,Dynamo,Small Cap,0.29%,7.09%,28.61%,25.02%,Dec 2016
2Point2 Capital,Long Term Value Fund,Multi Cap & Flexi Cap,24.80%,15.60%,26.10%,22.70%,Jul 2016
Acepro Advisors Pvt Ltd,Galaxy Strategy,Multi Cap & Flexi Cap,-1.39%,-1.09%,4.85%,7.64%,Jul 2018
Acepro Advisors Pvt Ltd,Large Cap Strategy,Large Cap,6.36%,8.78%,12.89%,12.17%,Feb 2019
A9 Finsight Pvt Ltd,Finavenue Growth Fund,Small & Mid Cap,-1.54%,31.93%,NA,NA,Jul 2023
ASK Long Short Fund Managers Pvt Ltd,ASK Absolute Return Fund,Long Short - Conservative,7.88%,13.12%,NA,NA,Jan 2024
Abakkus Asset Manager Private Limited,Emerging Opportunities,Small & Mid Cap,0.84%,8.56%,21.50%,24.98%,Oct 2020
Abakkus Asset Manager Private Limited,All Cap Approach,Multi Cap & Flexi Cap,15.57%,10.07%,18.86%,22.45%,Oct 2020
Abakkus Asset Manager Private Limited,Diversified Alpha Approach,Multi Cap & Flexi Cap,11.38%,8.48%,NA,NA,Jan 2024
ASK Investment Managers Ltd,ASK Indian Entrepreneur Portfolio,Multi Cap & Flexi Cap,6.09%,6.22%,12.18%,11.27%,Jan 2010
ASK Investment Managers Ltd,ASK India Select Portfolio,Multi Cap & Flexi Cap,1.87%,3.13%,11.20%,9.97%,Jan 2010
ASK Investment Managers Ltd,ASK Growth Portfolio,Multi Cap & Flexi Cap,1.75%,3.47%,11.36%,10.56%,Jan 2001
ASK Investment Managers Ltd,ASK Financial Opportunities Portfolio,Sector Fund,22.15%,17.78%,17.90%,13.04%,Jun 2018
ASK Investment Managers Ltd,ASK India Vision Portfolio,Multi Cap & Flexi Cap,5.33%,3.78%,10.53%,10.71%,Nov 2019
ASK Investment Managers Ltd,ASK Emerging Opportunities Portfolio,Small & Mid Cap,-0.13%,4.07%,11.76%,11.52%,Aug 2017
ASK Investment Managers Ltd,ASK Domestic Resurgence Portfolio,Multi Cap & Flexi Cap,6.29%,7.05%,14.71%,13.80%,Jun 2018
ASK Investment Managers Ltd,ASK Lighthouse Portfolio,Multi Cap & Flexi Cap,3.43%,NA,NA,NA,Mar 2024
ASK Investment Managers Ltd,ASK Life Portfolio,Large Cap,5.60%,3.04%,9.33%,8.94%,Sep 2008
ASK Investment Managers Ltd,ASK Strategic Portfolio,Mid Cap,0.31%,4.19%,12.12%,12.03%,Dec 2009
ASK Investment Managers Ltd,ASK Core Portfolio,Large Cap,NA,NA,NA,NA,Jul 2025
Aequitas Investment Consultancy Pvt Ltd,India Opportunities Product,Small Cap,62.34%,32.13%,52.52%,49.21%,Feb 2013
Agreya Capital Advisors LLP,Momentum,Large Cap,4.50%,1.43%,16.21%,14.25%,Aug 2018
Agreya Capital Advisors LLP,Total Return,Multi Cap & Flexi Cap,2.75%,7.03%,16.54%,19.56%,Sep 2018
Agreya Capital Advisors LLP,Multi-Asset Enhancer,Multi Asset,15.72%,11.28%,12.13%,11.77%,Jun 2019
Agreya Capital Advisors LLP,Total Return Enhancer,Multi Cap & Flexi Cap,5.58%,5.40%,17.79%,NA,Feb 2021
Aditya Birla Sun Life AMC,Select Sector Portfolio,Small & Mid Cap,9.29%,18.46%,26.00%,25.37%,Oct 2009
Aditya Birla Sun Life AMC,Core Equity Portfolio,Multi Cap & Flexi Cap,7.87%,5.47%,12.85%,15.00%,Jan 2009
Aditya Birla Sun Life AMC,Top 200 Core Equity Portfolio,Large Cap,3.21%,6.90%,14.62%,15.17%,May 2015
Aditya Birla Sun Life AMC,India Special Opportunities Portfolio,Multi Cap & Flexi Cap,0.86%,5.92%,15.65%,17.39%,Jun 2018
Aditya Birla Sun Life AMC,Innovation Portfolio,Multi Cap & Flexi Cap,0.15%,7.01%,16.72%,16.37%,Apr 2018
Ajanta Advisors LLP,Ajanta India Fund I,Flexi Cap,8.39%,NA,NA,NA,Dec 2024
Alchemy Capital Management,High Growth,Multi Cap & Flexi Cap,25.87%,9.89%,20.87%,16.43%,May 2002
Alchemy Capital Management,Select Stock,Multi Cap & Flexi Cap,8.26%,13.51%,22.68%,19.72%,Dec 2008
Alchemy Capital Management,Ascent,Multi Cap & Flexi Cap,-7.45%,-6.15%,11.53%,14.72%,Sep 2019
Alchemy Capital Management,Alpha 100,Large Cap,12.13%,7.86%,NA,NA,Aug 2023
Alchemy Capital Management,Smart Alpha 250,Mid & Large Cap,14.29%,11.03%,NA,NA,Aug 2023
Alchemy Capital Management,Alpha Small Cap,Small Cap,2.40%,4.33%,NA,NA,Dec 2023
Alchemy Capital Management,Smart Alpha Micro and Small Cap,Small Cap,-6.54%,-2.22%,NA,NA,Dec 2023
AlfAccurate Advisors,AAA IOP,Multi Cap & Flexi Cap,5.44%,11.17%,18.24%,17.55%,Nov 2009
AlfAccurate Advisors,AAA Focus Plan,Multi Cap & Flexi Cap,4.57%,10.68%,14.72%,14.62%,Nov 2014
AlfAccurate Advisors,AAA Budding Beasts,Small & Mid Cap,6.00%,11.80%,24.08%,24.23%,Jan 2021
AlfAccurate Advisors,AAA Shariah,Multi Cap & Flexi Cap,-3.60%,3.94%,11.64%,13.00%,Apr 2019
AlfAccurate Advisors,AAA Liquid,Debt,4.75%,4.70%,4.67%,3.66%,Jan 2021
AlphaGrep Investment Management,Multi Factor Quant,Multi Cap & Flexi Cap,10.30%,11.60%,20.90%,NA,Oct 2022
Altacura AI,Maximus Fund,Long Short,12.76%,NA,NA,NA,Mar 2024
Altacura AI,AI Absolute Return Fund,Long Short - Conservative,11.15%,12.48%,13.51%,NA,Oct 2021
Alpha Alternatives Fund Advisors LLP,Systematic Equity,Multi Cap & Flexi Cap,-4.38%,3.58%,15.42%,NA,Jul 2021
Amaltas Asset Management LLP,Keystone Fund,Multi Cap & Flexi Cap,-5.64%,NA,NA,NA,Jan 2025
Amaltas Asset Management LLP,Strategic Opportunities Series 1,Multi Cap & Flexi Cap,NA,NA,NA,NA,Jul 2025
Ambit Global Private Client,Alpha Growth,Multi Cap & Flexi Cap,-10.14%,2.87%,24.56%,20.76%,Jan 2021
Ambit Global Private Client,Caliber,Large Cap,11.63%,10.35%,20.14%,NA,Apr 2021
Ambit Global Private Client,Build India,Thematic,-13.65%,4.14%,NA,NA,Jan 2024
Ambit Investment Advisors Pvt Ltd,Ambit Good and Clean Midcap Portfolio,Mid Cap,3.29%,9.69%,17.03%,14.41%,Mar 2015
Ambit Investment Advisors Pvt Ltd,Ambit Coffee Can Portfolio,Large Cap,9.33%,11.79%,14.19%,11.60%,Jun 2017
Ambit Investment Advisors Pvt Ltd,Ambit Micro Marvels Portfolio,Micro Cap,-15.02%,NA,NA,NA,Jul 2024
Amcha Partners AIF Trust,Grobiz SME Opportunity Fund,Small Cap,NA,NA,NA,NA,Mar 2025
Ampersand Capital Trust,Growth Opportunities Fund Scheme - I,Multi Cap & Flexi Cap,-10.70%,15.07%,25.83%,24.51%,Sep 2017
Ametra Investment Managers Private Limited,Ametra FactorAlpha Smallcap,Small Cap,-14.33%,NA,NA,NA,Oct 2024
Ametra Investment Managers Private Limited,Ametra FactorAlpha,Multi Cap & Flexi Cap,-4.90%,NA,NA,NA,Oct 2024
Ametra Investment Managers Private Limited,Ametra FactorIncome,Multi Asset,12.74%,NA,NA,NA,Oct 2024
Ametra Investment Managers Private Limited,Ametra FactorShields,Multi Cap & Flexi Cap,-1.40%,NA,NA,NA,Oct 2024
Ametra Investment Managers Private Limited,Ametra FactorCapro,Multi Asset,NA,NA,NA,NA,Jul 2025
Ametra Investment Managers Private Limited,Ametra FactorCore,Multi Cap & Flexi Cap,NA,NA,NA,NA,Aug 2025
Anand Rathi Advisors Ltd,Impress PMS,Multi Cap & Flexi Cap,-6.16%,6.73%,17.36%,19.36%,May 2017
Anand Rathi Advisors Ltd,MNC PMS,Thematic,-0.73%,2.62%,9.90%,11.75%,Mar 2018
Anand Rathi Advisors Ltd,Decennium Opportunity,Multi Cap & Flexi Cap,-6.53%,-1.29%,13.07%,NA,Nov 2021
Anand Rathi Advisors Ltd,Alpha 1,Multi Cap & Flexi Cap,5.41%,7.43%,NA,NA,Mar 2023
Anand Rathi Advisors Ltd,Flexicap Strategy,Multi Cap & Flexi Cap,6.69%,9.05%,NA,NA,Nov 2023
Anand Rathi Advisors Ltd,IDEAA PMS,Multi Asset,NA,NA,NA,NA,Apr 2025
ArthAlpha LLP,Machine Learning Equity Quant,Mid & Large Cap,10.56%,NA,NA,NA,Oct 2024
Ashika Investment Managers Pvt Ltd,Ashika India Select Fund,Flexi Cap,1.11%,NA,NA,NA,Jan 2024
Ashima capital management limited,Long Heritage Value Fund,Multi Cap & Flexi Cap,NA,NA,NA,NA,Mar 2025
Ashmore Investment Management India LLP,Ashmore India Equity Fund,Multi Cap & Flexi Cap,11.20%,NA,NA,NA,Apr 2024
Astratinvest Financial Advisors Private Limited,Quant Long Short Fund,Multi Cap,NA,NA,NA,NA,Jun 2025
Asymmetric Asset Managers LLP,Asymmetric India Fund,Multi Cap,NA,NA,NA,NA,Oct 2025
Atlas Integrated Finance Limited,Midcap PMS Fund,Small & Mid Cap,1.52%,7.25%,14.52%,NA,May 2021
Atlas Integrated Finance Limited,Multicap PMS Fund,Multi Cap & Flexi Cap,7.65%,5.37%,10.66%,NA,May 2021
Atlas Integrated Finance Limited,Debt Equity Hybrid PMS Fund,Multi Cap & Flexi Cap,2.37%,9.53%,20.21%,NA,May 2021
Asit C Mehta Investment Intermediates Ltd,ACE - Multicap,Multi Cap & Flexi Cap,7.56%,4.98%,30.55%,27.24%,Aug 2018
Asit C Mehta Investment Intermediates Ltd,ACE Multi Asset,Multi Asset,9.66%,8.55%,28.61%,22.59%,Oct 2018
Asit C Mehta Investment Intermediates Ltd,Ace Ten Trillion Opportunities,Small & Mid Cap,1.60%,2.12%,26.00%,25.06%,Dec 2017
Asit C Mehta Investment Intermediates Ltd,ACE Blue-chip,Multi Cap & Flexi Cap,10.78%,8.95%,20.83%,19.77%,Dec 2017
Avendus Investment Managers Pvt Ltd,Olivo Core Equity Portfolio,Multi Cap & Flexi Cap,-2.40%,5.30%,18.25%,14.11%,Jul 2020
Avestha Fund Management LLP,Long Term Growth,Multi Cap & Flexi Cap,-0.15%,11.54%,17.12%,22.02%,Nov 2017
Axis Securities Ltd,Axis Securities Pure Growth,Multi Cap & Flexi Cap,4.39%,8.20%,18.35%,17.72%,Jan 2021
Axis Securities Ltd,Axis Securities Pure Contra,Multi Cap & Flexi Cap,-2.59%,5.83%,18.40%,20.05%,Nov 2020
Axis Securities Ltd,Axis Securities AlphaSense AI,Multi Cap & Flexi Cap,-5.30%,-1.70%,NA,NA,Oct 2023
Axis Securities Ltd,Axis Securities Kaizen,Multi Cap & Flexi Cap,-1.81%,7.36%,NA,NA,Jun 2023
Axis Asset Management Company Ltd,Brand Equity,Multi Cap & Flexi Cap,-1.15%,0.47%,9.45%,10.59%,Jan 2017
Axis Asset Management Company Ltd,Core and Satellite,Multi Cap & Flexi Cap,-0.67%,-0.37%,10.50%,11.07%,Nov 2019
Axis Asset Management Company Ltd,Emerging Stars Portfolio,Small & Mid Cap,-1.55%,NA,NA,NA,Apr 2024
Azurean Investment Managers Pvt Ltd,Azurean India Equity Fund 1,Flexi Cap,5.33%,NA,NA,NA,Oct 2024
Badjate Wealth Private Limited,Multicap Fund,Small & Mid Cap,-5.57%,6.73%,29.49%,NA,Jul 2021
Badjate Wealth Private Limited,Growth Fund,Mid & Large Cap,NA,NA,NA,NA,May 2025
Bay Capital Investment Advisors Pvt Ltd,India Opportunities Portfolio,Multi Cap & Flexi Cap,-0.77%,3.18%,13.08%,NA,Jan 2023
Brighter Mind Asset Management Pvt Ltd,Brighter Mind Inevitable Fortune Fund,Multi Cap & Flexi Cap,NA,NA,NA,NA,Apr 2025
Brightseeds Advisors LLP,Xylem Maverick Strategy,Small & Mid Cap,-6.27%,NA,NA,NA,Jan 2025
BugleRock Capital Pvt Ltd,Core Value Strategy - Concentrated Option,Multi Cap & Flexi Cap,2.28%,8.93%,14.83%,15.23%,Apr 2019
BugleRock Capital Pvt Ltd,Core Value Strategy - Regular Option,Multi Cap & Flexi Cap,2.33%,8.56%,16.56%,17.11%,May 2019
BugleRock Capital Pvt Ltd,Special Situations Portfolio,Small & Mid Cap,3.02%,3.74%,23.74%,NA,Aug 2022
BugleRock Capital Pvt Ltd,Growth Opportunities Portfolio,Thematic,5.27%,2.71%,10.72%,NA,Nov 2022
Buoyant Capital Pvt Ltd,Opportunities,Multi Cap & Flexi Cap,18.22%,16.33%,23.81%,26.70%,Jun 2016
Bonanza Portfolio Limited,Growth,Mid & Large Cap,11.46%,5.41%,14.72%,14.39%,Apr 2010
Bonanza Portfolio Limited,Value,Multi Cap & Flexi Cap,-3.81%,-2.39%,18.35%,16.97%,Sep 2011
Bonanza Portfolio Limited,Edge,Multi Cap & Flexi Cap,-3.97%,-0.74%,20.71%,27.94%,Aug 2015
Bonanza Portfolio Limited,Aegis,Multi Cap & Flexi Cap,-6.63%,7.19%,23.98%,NA,May 2022
Bonanza Portfolio Limited,Multicap,Multi Cap & Flexi Cap,-4.77%,-1.23%,21.65%,25.88%,Jul 2018
CapGrow Capital Advisors LLP,Growth Strategy,Multi Cap & Flexi Cap,-4.39%,1.40%,9.26%,10.91%,Oct 2018
CapGrow Capital Advisors LLP,Special Situations,Multi Cap & Flexi Cap,-7.47%,2.28%,14.12%,18.12%,Oct 2018
Capital 8 LLP,Capital 8 Infinity Fund,Multi Cap & Flexi Cap,13.27%,NA,NA,NA,Feb 2024
Capitalmind Financial Services,Surge India,Multi Cap & Flexi Cap,3.16%,8.49%,22.04%,20.62%,Nov 2017
Capitalmind Financial Services,Adaptive Momentum,Multi Cap & Flexi Cap,-5.91%,-8.34%,11.78%,15.66%,Mar 2019
Capitalmind Financial Services,All Weather Equity,Multi Cap & Flexi Cap,7.35%,11.42%,18.81%,NA,Jul 2022
Capitalmind Financial Services,NRI Surge India,Multi Cap & Flexi Cap,NA,NA,NA,NA,Apr 2025
Capitalmind Financial Services,SmartCore,Multi Cap & Flexi Cap,11.74%,NA,NA,NA,Jan 2025
Care Portfolio Managers Pvt Ltd,Growth Plus Value,Small & Mid Cap,1.25%,3.60%,18.34%,24.11%,Jul 2011
Care Portfolio Managers Pvt Ltd,Large and Midcap Strategy,Mid & Large Cap,13.16%,15.62%,26.75%,21.20%,Jul 2020
Carnelian Asset Management and Advisors Pvt Ltd,Capital Compounder,Multi Cap & Flexi Cap,20.72%,16.00%,24.90%,19.91%,May 2019
Carnelian Asset Management and Advisors Pvt Ltd,Shift Strategy,Small & Mid Cap,-3.49%,8.77%,27.34%,28.87%,Oct 2020
Carnelian Asset Management and Advisors Pvt Ltd,Contra Strategy,Multi Cap & Flexi Cap,5.96%,7.15%,30.45%,NA,Jan 2022
Carnelian Asset Management and Advisors Pvt Ltd,Bespoke Strategy,Multi Cap & Flexi Cap,10.71%,11.18%,27.41%,NA,Oct 2021
Chanakya Capital Services Pvt Ltd,Growth Plan,Multi Cap & Flexi Cap,21.36%,13.54%,22.36%,23.16%,Aug 2018
Citrus Advisors Pvt Ltd,Index plus Fund,Multi Cap & Flexi Cap,7.51%,NA,NA,NA,May 2024
Citrus Advisors Pvt Ltd,Wealth Fusion Fund,Multi Cap & Flexi Cap,NA,NA,NA,NA,May 2025
Citrus Advisors Pvt Ltd,Sector Leaders Fund,Multi Cap & Flexi Cap,9.76%,8.08%,NA,NA,Aug 2023
Centrum PMS,Deep Value IV,Small & Mid Cap,-9.51%,1.28%,12.21%,12.73%,Dec 2015
Centrum PMS,Micro,Small Cap,-10.13%,1.55%,14.54%,19.66%,Jul 2016
Centrum PMS,Flexi Cap,Multi Cap & Flexi Cap,13.87%,11.66%,19.49%,16.67%,Jun 2011
Centrum PMS,Good To Great,Small & Mid Cap,-8.57%,1.26%,12.23%,13.35%,Jun 2019
Centrum PMS,Built To Last,Large Cap,8.97%,9.60%,12.91%,11.36%,Jul 2019
Ckredence Wealth Management Pvt Ltd,All Weather Fund,Multi Cap & Flexi Cap,13.76%,7.72%,20.13%,NA,Jun 2021
Ckredence Wealth Management Pvt Ltd,Diversified Fund,Multi Cap & Flexi Cap,9.43%,5.59%,20.98%,NA,Jun 2021
Ckredence Wealth Management Pvt Ltd,Business Cycle Fund,Multi Cap & Flexi Cap,4.33%,8.36%,NA,NA,Nov 2023
Ckredence Wealth Management Pvt Ltd,ICE Growth,Multi Cap & Flexi Cap,8.00%,NA,NA,NA,Oct 2024
Clearview Capital Advisors Private Limited,Long Term Partners Fund,Multi Cap & Flexi Cap,7.90%,NA,NA,NA,Dec 2024
Clockvine Capital Advisors Pvt Ltd,Growth Fund,Multi Cap & Flexi Cap,2.48%,NA,NA,NA,Feb 2024
Composite Investments Pvt Ltd,Emerging Star Fund,Small & Mid Cap,-5.39%,8.16%,18.52%,18.55%,May 2019
Composite Investments Pvt Ltd,GARP Fund,Multi Cap & Flexi Cap,-0.32%,1.10%,15.35%,12.36%,Apr 2019
Counter Cyclical Investments Pvt Ltd,Diversified Long Term Value,Small Cap,-11.26%,5.41%,22.13%,39.64%,Jul 2019
Cosmea Portfolio Mgnt Pvt Ltd (erstwhile Torus),All Weather Portfolio,Mid & Large Cap,6.92%,11.11%,24.29%,17.61%,Dec 2019
Cosmea Portfolio Mgnt Pvt Ltd (erstwhile Torus),Alpha Compounders,Multi Cap & Flexi Cap,5.13%,11.58%,19.35%,NA,Nov 2022
Cosmea Portfolio Mgnt Pvt Ltd (erstwhile Torus),Alpha Value,Multi Cap & Flexi Cap,1.38%,NA,NA,NA,Mar 2024
Craving Alpha Wealth Fund,Chandrahas Moat Opportunities,Long Short,NA,NA,NA,NA,Feb 2025
Concept Investwell Pvt Ltd,Legend,Large Cap,2.89%,5.20%,10.74%,8.83%,Jul 2009
Concept Investwell Pvt Ltd,Marvel,Mid & Large Cap,-7.17%,4.19%,9.62%,9.00%,Oct 2009
Concept Investwell Pvt Ltd,Dynamic,Mid & Large Cap,5.85%,4.04%,9.32%,11.87%,Sep 2019
Concept Investwell Pvt Ltd,Elegant,Multi Cap & Flexi Cap,-6.70%,-0.42%,NA,NA,Nov 2023
Concept Investwell Pvt Ltd,Legend Flexi,Multi Cap & Flexi Cap,0.67%,NA,NA,NA,Apr 2024
Credent Asset Management Services Pvt Ltd,Aim Multi cap,Multi Cap & Flexi Cap,2.45%,4.80%,NA,NA,Mar 2023
DRChoksey FinServ Pvt Ltd,Alpha Invest,Multi Cap & Flexi Cap,-8.28%,-2.76%,8.57%,11.21%,Mar 2007
DRChoksey FinServ Pvt Ltd,Chatur Amrit Kaal Fund,Multi Cap & Flexi Cap,NA,NA,NA,NA,Jan 2026
DSP Asset Managers Private Limited,DSP India Enhanced Equity SatCore Fund,Flexi Cap,3.29%,8.90%,12.83%,9.69%,Aug 2017
DSP Asset Managers Private Limited,DSP Bharat Nirman Fund,Thematic,9.09%,NA,NA,NA,Jun 2024
Dalal and Broacha Stock Brocking Pvt Ltd,Long Term Growth,Multi Cap & Flexi Cap,0.25%,8.94%,19.61%,14.45%,Aug 2007
Dolat Capital Market Pvt Ltd,Absolute Return LLP,Long Short - Conservative,6.48%,10.97%,12.98%,11.24%,Jan 2021
Driv Drisht LLP,Dhanvesttor Faith Fund,Multi Cap & Flexi Cap,1.84%,NA,NA,NA,Apr 2024
Dynamic Equities Pvt Ltd,Bluechip,Mid & Large Cap,8.60%,NA,NA,NA,Mar 2024
Dynamic Equities Pvt Ltd,DynamicMF,Multi Asset,NA,NA,NA,NA,Dec 2025
East Green Advisors LLP,Agile Strategy,Multi Cap & Flexi Cap,0.06%,2.63%,NA,NA,Jul 2023
East Green Advisors LLP,Quant Strategy,Multi Cap & Flexi Cap,5.68%,NA,NA,NA,May 2024
Edelweiss Financial services limited,Catalyst Opportunities Fund,Long Only,5.14%,5.45%,8.51%,9.65%,Jun 2018
Edelweiss Financial services limited,Alternative Equity Scheme,Long Short,-1.57%,2.96%,5.71%,3.58%,Aug 2014
Edelweiss Financial services limited,Consumer Trends Fund,Long Short,7.76%,7.79%,12.72%,NA,Apr 2021
Edelweiss Global Wealth Management Ltd,Focused Mid and Smallcap Portfolio,Small & Mid Cap,1.63%,3.31%,9.70%,14.19%,Aug 2015
Edelweiss Global Wealth Management Ltd,Focused Mid and Small Cap Portfolio Series II,Small & Mid Cap,-0.67%,0.02%,7.08%,13.47%,Jan 2018
Electrum Portfolio Managers Pvt Ltd,Laureate Portfolio,Small & Mid Cap,-8.51%,6.61%,22.35%,27.13%,Nov 2020
Eklavya Capital Advisors LLP,Long Term Value,Multi Asset,7.19%,8.91%,10.23%,9.15%,Dec 2016
Eklavya Capital Advisors LLP,Equity,Multi Cap & Flexi Cap,5.10%,NA,NA,NA,Jul 2024
Enam Asset Management Co Pvt Ltd,India Vision Portfolio,Multi Cap & Flexi Cap,8.90%,6.50%,14.10%,NA,Jan 2023
Emkay Investment Managers Ltd,Capital Builder,Multi Cap & Flexi Cap,14.57%,16.12%,22.07%,20.12%,Apr 2013
Emkay Investment Managers Ltd,ENVI,Multi Cap & Flexi Cap,4.46%,7.23%,18.14%,NA,Jun 2022
Emkay Investment Managers Ltd,Golden Decade of Growth,Multi Cap & Flexi Cap,1.68%,8.35%,NA,NA,Oct 2023
Emkay Investment Managers Ltd,SMID Cap Growth Engine Portfolio,Small Cap,NA,NA,NA,NA,Jun 2025
Enigma Investment Partners,Enigma Small Opportunities Fund,Small Cap,-1.51%,NA,NA,NA,Dec 2024
Envision Capital Services Pvt Ltd,India Opportunities,Multi Cap & Flexi Cap,7.06%,6.25%,17.96%,NA,Apr 2021
Envision Capital Services Pvt Ltd,Envision New Frontiers,Multi Cap & Flexi Cap,NA,NA,NA,NA,Dec 2025
Estee Advisors Pvt Ltd,Long Alpha,Multi Cap & Flexi Cap,5.73%,3.39%,23.96%,22.09%,Sep 2018
Estee Advisors Pvt Ltd,I Alpha,Arbitrage,11.88%,13.16%,12.49%,10.14%,Sep 2009
Equirus Wealth Pvt Ltd,Long Horizon Fund,Small Cap,1.72%,0.53%,15.52%,15.83%,Oct 2016
Equirus Wealth Pvt Ltd,Flexi Cap Fund,Multi Cap & Flexi Cap,NA,NA,NA,NA,Nov 2025
Equentis Wealth Advisory Services Limited,Equentis Multi Cap Portfolio,Multi Cap & Flexi Cap,NA,NA,NA,NA,Feb 2025
Equentis Wealth Advisory Services Limited,Equentis Concentrated Portfolio,Mid Cap,NA,NA,NA,NA,Feb 2025
EquiPoise Capital Management Pvt Ltd,New India Opportunities,Mid & Large Cap,2.56%,NA,NA,NA,Aug 2024
EquiPoise Capital Management Pvt Ltd,Emerging Stars,Small & Mid Cap,-2.79%,NA,NA,NA,Aug 2024
Equitree Capital Advisors Pvt Ltd,Emerging Opportunities,Small Cap,-13.51%,6.52%,31.57%,30.80%,Oct 2017
Finideas Growth Fund,Finideas Growth Fund Scheme-1,Large Cap,-2.10%,-1.52%,NA,NA,May 2023
Eureka Portfolio Management Services Pvt Ltd,Signature Approach,Mid Cap,2.21%,6.55%,20.90%,17.59%,Nov 2017
Fident Asset Management,Fident All-Season India Resilient (FAIR),Multi Cap & Flexi Cap,6.90%,NA,NA,NA,Apr 2024
Fident Asset Management,Fident India Builder Equity portfolio (FIBER),Multi Cap & Flexi Cap,-4.20%,NA,NA,NA,Jun 2024
First Global Finance Pvt Ltd,Indian Multi Asset,Multi Asset,10.66%,6.66%,15.34%,14.97%,Feb 2020
First Global Finance Pvt Ltd,The India Super 50,Multi Cap & Flexi Cap,-0.22%,0.47%,12.87%,15.65%,Feb 2020
First Water Capital Advisors LLP,First Water Capital Fund,Multi Cap & Flexi Cap,-2.82%,-0.15%,23.98%,27.27%,Aug 2020
First Water Capital Advisors LLP,First Water Capital Fund -2,Multi Cap & Flexi Cap,0.11%,2.07%,NA,NA,Jul 2023
Fortuna Asset Managers LLP,Long term Capital Compounding Approach,Multi Cap & Flexi Cap,14.65%,20.54%,NA,NA,Jul 2023
Fortuna Asset Managers LLP,Inflation Protect Approach,Debt,8.64%,8.72%,NA,NA,Nov 2023
Fort Capital Investment Advisory Pvt Ltd,Value Fund,Small Cap,-7.21%,1.00%,10.31%,20.67%,Sep 2018
Fort Capital Investment Advisory Pvt Ltd,Dynamic,Multi Cap & Flexi Cap,12.08%,18.15%,NA,NA,Jan 2024
Fortune Wealth Mgnt Co India Pvt Ltd,Multicap Value Fund,Multi Cap & Flexi Cap,13.59%,NA,NA,NA,Jun 2024
Fortune Wealth Mgnt Co India Pvt Ltd,Quantitative Alpha Fund,Multi Asset,NA,NA,NA,NA,Mar 2025
Fyers Asset Management Pvt Ltd,Genesis Fund,Small & Mid Cap,-0.09%,NA,NA,NA,Sep 2024
Fractal Capital Investments LLP,Wealth Builder,Multi Cap & Flexi Cap,2.28%,9.21%,19.19%,NA,Mar 2021
Fractal Capital Investments LLP,Opportunities,Multi Cap & Flexi Cap,-2.02%,7.52%,18.58%,NA,Jun 2022
Generational Capital Breakout Trust,Breakout Fund 1,Multi Cap & Flexi Cap,-15.01%,NA,NA,NA,Mar 2024
Geojit Financial Services Ltd,Advantage Portfolio,Small & Mid Cap,6.14%,3.75%,13.26%,17.82%,Jun 2003
Geojit Financial Services Ltd,Freedom Portfolio,Mid & Large Cap,6.62%,3.51%,8.58%,11.16%,Nov 2011
Geojit Financial Services Ltd,Dakshin Portfolio,Multi Cap & Flexi Cap,-8.83%,-4.46%,9.26%,9.91%,Mar 2019
Geojit Financial Services Ltd,Ethical Portfolio,Multi Cap & Flexi Cap,-5.26%,-0.50%,8.04%,NA,Jan 2022
Geojit Financial Services Ltd,Beacon Portfolio,Multi Cap & Flexi Cap,-1.68%,NA,NA,NA,Jul 2024
Girik Wealth Advisors Pvt Ltd,Multicap Growth Equity Strategy,Multi Cap & Flexi Cap,0.79%,6.53%,22.85%,18.48%,Dec 2009
Globe Capital Market Ltd,Value,Multi Cap & Flexi Cap,5.49%,3.37%,18.93%,19.54%,Oct 2007
Globe Capital Market Ltd,Arbitrage,Multi Cap & Flexi Cap,6.33%,3.68%,14.61%,20.08%,Jan 2008
Green Lantern Capital LLP,Alpha Fund,Mid & Large Cap,8.55%,12.20%,31.28%,28.94%,Feb 2020
Green Lantern Capital LLP,Growth Fund,Small & Mid Cap,5.08%,15.97%,40.55%,42.72%,Dec 2017
Green Portfolio Pvt Ltd,Special,Multi Cap & Flexi Cap,-8.28%,1.40%,15.65%,20.52%,Jul 2018
Green Portfolio Pvt Ltd,Dividend Yield,Thematic,6.52%,6.69%,29.85%,29.70%,Sep 2019
Green Portfolio Pvt Ltd,MNC Advantage,Thematic,-6.13%,0.16%,16.07%,19.83%,Sep 2019
Green Portfolio Pvt Ltd,Super 30 Dynamic,Thematic,-16.56%,-0.01%,17.21%,32.02%,Sep 2019
Green Portfolio Pvt Ltd,The Impact ESG Fund,Thematic,-13.80%,1.55%,21.92%,NA,Mar 2022
Green Portfolio Pvt Ltd,The Green Ethical Fund,Thematic,-11.59%,NA,NA,NA,Jun 2024
Hanut Alternate Investments LLP,Fundamental Quant,Multi Cap & Flexi Cap,5.27%,11.18%,21.11%,17.74%,May 2019
Guardian Capital Partners,Opportunities Scheme,Multi Cap & Flexi Cap,14.86%,12.65%,19.82%,21.63%,Jan 2020
HDFC Asset Management Company Ltd,All Cap Portfolio DPMS,Multi Cap & Flexi Cap,8.09%,11.01%,16.85%,NA,Jul 2022
HSBC Asset Management India Pvt Ltd,India Next Portfolio,Thematic,3.84%,5.82%,14.64%,NA,Feb 2021
HSBC Asset Management India Pvt Ltd,Aspire Portfolio,Small & Mid Cap,6.08%,6.13%,NA,NA,Sep 2023
Grey Sky Capital Private Limited,GSC Smart Core Portfolio,Mid & Large Cap,NA,NA,NA,NA,Dec 2025
Hem Securities Ltd,Dynamic Research and Emerging Strategy,Multi Cap & Flexi Cap,-1.59%,6.69%,19.78%,20.05%,Mar 2020
Hem Securities Ltd,India Rising SME Stars,Small Cap,-20.50%,-3.16%,9.99%,NA,Feb 2022
Himalaya Investment Advisors LLP,EverFlow India Opportunities,Multi Cap & Flexi Cap,11.04%,13.05%,NA,NA,May 2023
Helios Capital Asset Mgnt India Pvt Ltd,India Rising PMS,Multi Cap & Flexi Cap,7.88%,10.18%,20.26%,16.08%,Mar 2020
I Wealth Management LLP,I Wealth Fund,Multi Cap & Flexi Cap,10.27%,10.08%,23.05%,21.12%,Jun 2018
ICICI Securities Ltd,Ace Equity Portfolio,Multi Cap & Flexi Cap,4.37%,6.11%,18.23%,15.58%,Dec 2020
ICICI Securities Ltd,Sterling Aggressive Portfolio,Multi Cap & Flexi Cap,14.40%,14.75%,21.38%,NA,Nov 2022
IFM Investment Advisors Private Limited,IFM AlphaEdge Growth Fund,Multi Cap & Flexi Cap,NA,NA,NA,NA,Jun 2025
IFM Investment Advisors Private Limited,IFM Flexicap Growth Fund,Multi Cap & Flexi Cap,NA,NA,NA,NA,Jul 2025
IFM Investment Advisors Private Limited,IFM Largecap Fund,Large Cap,NA,NA,NA,NA,Jun 2025
ITUS Capital Advisors Pvt Ltd,Fundamental Value Fund,Multi Cap & Flexi Cap,12.14%,9.44%,15.89%,13.90%,Feb 2017
ICICI Prudential AMC Ltd,Value Strategy,Multi Cap & Flexi Cap,16.10%,12.43%,26.30%,26.37%,Mar 2007
ICICI Prudential AMC Ltd,Large Cap Strategy,Large Cap,13.74%,13.82%,21.38%,20.91%,Mar 2009
ICICI Prudential AMC Ltd,Growth Leaders Strategy,Multi Cap & Flexi Cap,9.76%,11.61%,19.68%,18.41%,Mar 2007
ICICI Prudential AMC Ltd,Contra Strategy,Multi Cap & Flexi Cap,12.95%,11.27%,20.86%,22.82%,Sep 2018
ICICI Prudential AMC Ltd,PIPE Strategy,Small & Mid Cap,3.27%,7.83%,23.93%,27.38%,Sep 2019
ICICI Prudential AMC Ltd,ACE Strategy,Multi Cap & Flexi Cap,12.31%,17.21%,23.46%,19.27%,Dec 2010
ICICI Prudential AMC Ltd,Quanti-FI Strategy,Multi Cap & Flexi Cap,7.24%,NA,NA,NA,Feb 2024
ICICI Prudential AMC Ltd,Emerging Leaders Strategy,Small & Mid Cap,12.74%,NA,NA,NA,Feb 2024
ICICI Prudential AMC Ltd,SMART Strategy,Multi Cap & Flexi Cap,14.40%,13.01%,25.95%,24.40%,Oct 2014
Inquant Systematic Investment Managers LLP,Inquant Debt Plus,Long Short - Conservative,10.42%,13.05%,11.31%,NA,Sep 2022
Invesco Asset Management (I) Pvt Ltd,DAWN,Thematic,3.55%,4.82%,14.59%,16.06%,Aug 2017
Invesco Asset Management (I) Pvt Ltd,RISE,Thematic,16.74%,11.03%,21.70%,17.94%,Apr 2016
Invesco Asset Management (I) Pvt Ltd,Caterpillar,Small & Mid Cap,-0.89%,9.14%,18.80%,20.73%,Jun 2006
Invesco Asset Management (I) Pvt Ltd,Challengers,Multi Cap & Flexi Cap,-3.54%,7.96%,18.06%,NA,Sep 2021
InCred Asset Management,Healthcare Portfolio,Thematic,7.62%,20.04%,29.89%,NA,Feb 2021
InCred Asset Management,Multicap Portfolio,Multi Cap & Flexi Cap,-7.72%,6.72%,20.40%,NA,Feb 2021
InCred Asset Management,Small and Midcap,Small & Mid Cap,-13.34%,2.22%,15.96%,NA,May 2021
InCred Asset Management,Focused Healthcare Portfolio,Thematic,15.19%,30.48%,NA,NA,Jul 2023
InCred Asset Management,Active Momentum Strategy,Mid & Large Cap,NA,NA,NA,NA,Feb 2025
Invesq Investment Managers LLP,Multicap Opportunities Portfolio,Multi Cap & Flexi Cap,-3.34%,NA,NA,NA,May 2024
Invasset LLP,Growth Pro Max,Multi Cap & Flexi Cap,-0.44%,0.03%,32.59%,27.61%,Jan 2020
Ionic Asset Management,PIPE Strategy,Multi Cap & Flexi Cap,6.35%,NA,NA,NA,Jan 2025
Ionic Asset Management,Ionic Yield Enhancer Strategy,Debt,NA,NA,NA,NA,Feb 2025
Ionic Asset Management,Ionic Allocate Portfolio - Moderate,Multi Asset,NA,NA,NA,NA,Apr 2025
Ionic Asset Management,Ionic Allocate Portfolio - Equity,Multi Cap & Flexi Cap,NA,NA,NA,NA,Mar 2025
Ionic Asset Management,Ionic Allocate Portfolio - Aggressive,Multi Asset,NA,NA,NA,NA,Mar 2025
Kedia Shares and Stocks Brokers Ltd,Multi Cap,Multi Cap & Flexi Cap,3.93%,6.48%,18.37%,17.64%,May 2019
Joindre Capital Services Ltd,Value Fund,Multi Cap & Flexi Cap,0.50%,5.06%,11.01%,9.61%,Nov 2018
Knightstone Capital Management LLP,Matterhorn India Fund,Multi Cap & Flexi Cap,4.37%,13.51%,NA,NA,Sep 2023
Karma Capital Advisors Pvt Ltd,Wealth Builder,Multi Cap & Flexi Cap,1.37%,5.52%,19.30%,19.04%,Dec 2006
Karma Capital Advisors Pvt Ltd,Magnolia,Large Cap,0.69%,5.64%,NA,NA,Feb 2023
Karma Capital Advisors Pvt Ltd,Lotus,Small & Mid Cap,13.94%,11.97%,NA,NA,Feb 2023
Klay Securities Private Limited,Klay Growth Fund,Long Short,5.73%,6.45%,13.16%,NA,Oct 2021
Kotak Mahindra Asset Management Company Ltd,India Focus Portfolio - Series I,Multi Cap & Flexi Cap,9.62%,13.58%,20.47%,21.54%,Jul 2012
Ladderup Wealth Management Pvt Ltd,Proud PMS,Multi Cap & Flexi Cap,0.88%,4.67%,NA,NA,May 2023
Ksema Wealth Pvt Ltd,Multi Asset Portfolio Ctrl Alt Grow,Multi Asset,NA,NA,NA,NA,Jan 2026
Ksema Wealth Pvt Ltd,Alpha,Large Cap,9.45%,8.88%,18.12%,18.11%,Jan 2019
Ksema Wealth Pvt Ltd,Multicap,Small & Mid Cap,8.97%,8.29%,18.51%,19.74%,Jan 2019
Ksema Wealth Pvt Ltd,Future Frontier Portfolio,Multi Cap & Flexi Cap,NA,NA,NA,NA,Jan 2026
MRG Investment Partners Pvt Ltd,Wealth Protector,Multi Cap & Flexi Cap,11.58%,8.52%,18.37%,14.08%,Dec 2019
MRG Investment Partners Pvt Ltd,Wealth Maximizer,Multi Cap & Flexi Cap,14.92%,15.68%,24.26%,17.28%,May 2019
MRG Investment Partners Pvt Ltd,Wealth Enhancer,Multi Cap & Flexi Cap,18.66%,17.39%,21.46%,15.23%,May 2019
Lakewater Advisors Pvt Ltd,India Growth,Multi Cap & Flexi Cap,-0.34%,1.73%,9.77%,7.54%,Jun 2019
Magadh Capital Advisors LLP,Value For Growth,Multi Cap & Flexi Cap,4.02%,8.48%,22.73%,NA,Aug 2021
Magadh Capital Advisors LLP,Future Stars,Small & Mid Cap,5.52%,13.88%,32.26%,NA,Aug 2021
Marathon Trends Advisory Pvt Ltd,Trend Following,Multi Cap & Flexi Cap,5.40%,5.30%,NA,NA,Apr 2023
Master Portfolio Services Ltd,Master Trust India Growth Strategy,Mid Cap,4.26%,1.81%,16.70%,20.63%,Oct 2011
Marcellus Investment Managers Pvt Ltd,Consistent Compounders,Large Cap,-1.79%,2.25%,6.78%,6.25%,Dec 2018
Marcellus Investment Managers Pvt Ltd,Little Champs,Mid Cap,-3.84%,-2.42%,-1.67%,4.18%,Aug 2019
Marcellus Investment Managers Pvt Ltd,Kings of Capital,Large Cap,8.04%,11.09%,12.50%,7.48%,Jul 2020
Marcellus Investment Managers Pvt Ltd,Rising Giants Portfolio,Mid Cap,-3.18%,3.90%,6.73%,NA,Dec 2021
Marcellus Investment Managers Pvt Ltd,Meritor Q,Multi Cap & Flexi Cap,1.25%,8.46%,16.43%,NA,Nov 2022
Maximal Capital,Pathfinder Value Fund,Multi Cap & Flexi Cap,6.84%,7.52%,26.47%,NA,May 2022
Maximal Capital,Income Fund,Debt,20.38%,16.30%,21.07%,NA,Jun 2022
Mansi Share and Stock Broking Pvt ltd,Seven Islands PMS,Multi Cap & Flexi Cap,-7.33%,4.89%,21.16%,NA,Jan 2023
Maxiom Asset Management Pvt Ltd,JEWEL,Mid & Large Cap,5.79%,6.65%,NA,NA,Jun 2023
Maxiom Asset Management Pvt Ltd,SPARK,Small Cap,-14.45%,-1.98%,NA,NA,Jun 2023
Maxiom Asset Management Pvt Ltd,EMERALD,Multi Cap & Flexi Cap,7.38%,8.22%,NA,NA,Jun 2023
Maxiom Asset Management Pvt Ltd,GEM,Multi Cap & Flexi Cap,-4.29%,-9.43%,NA,NA,Jun 2023
Maxiom Asset Management Pvt Ltd,DIAMOND,Multi Cap & Flexi Cap,NA,NA,NA,NA,Apr 2025
Maxiom Asset Management Pvt Ltd,CORAL Cyclical,Multi Cap & Flexi Cap,NA,NA,NA,NA,Jun 2025
Mirae Asset Sharekhan Limited,MASK Prime Picks,Multi Cap & Flexi Cap,-0.82%,1.41%,15.20%,13.39%,Jun 2018
Mastergrowth 369 Asset Managers Private Limited,Alternate Investment Trust,Multi Cap,NA,NA,NA,NA,Sep 2025
Mili Capital Management Pvt Ltd,Mili Emerging Equities Fund,Multi Cap,-7.30%,NA,NA,NA,Dec 2024
Merisis Advisors Private Limited,Multicap Portfolio,Multi Cap & Flexi Cap,4.51%,1.68%,7.06%,10.06%,Feb 2020
Merisis Advisors Private Limited,Smartblend ETF,Multi Asset,NA,NA,NA,NA,Aug 2025
Merisis Advisors Private Limited,Catalyst Series 1,Multi Cap & Flexi Cap,NA,NA,NA,NA,Nov 2025
Moat Financial Services Pvt Ltd,Special Opportunities Fund,Multi Cap & Flexi Cap,-1.50%,3.51%,10.73%,13.32%,Nov 2020
Moat Financial Services Pvt Ltd,UpperCrust Wealth Fund,Multi Cap & Flexi Cap,23.00%,21.84%,32.59%,NA,Jan 2022
Moat Financial Services Pvt Ltd,Emerging Moat,Multi Cap & Flexi Cap,-1.47%,3.50%,14.76%,NA,Sep 2022
Moat Financial Services Pvt Ltd,Moderate Compounders,Multi Cap & Flexi Cap,-3.91%,2.48%,12.96%,15.88%,Nov 2013
Moat Financial Services Pvt Ltd,UpperCrust Growth Fund,Multi Asset,21.78%,18.08%,26.31%,NA,Mar 2022
Monarch Networth Capital,MNCL Capital Compounder Fund -2,Multi Cap & Flexi Cap,-0.60%,NA,NA,NA,Apr 2024
Monarch Networth Capital,MNCL Capital Compounder Fund - I,Multi Cap & Flexi Cap,-9.10%,-1.50%,NA,NA,Aug 2022
Moneylife Advisory Services Pvt Ltd,MAS Prime,Multi Cap & Flexi Cap,-3.61%,2.30%,17.17%,13.29%,Dec 2019
Moneylife Advisory Services Pvt Ltd,MAS Growth,Multi Cap & Flexi Cap,-8.48%,0.08%,17.63%,15.02%,Dec 2019
Moneybee Securities Pvt Ltd,QueenBee,Small & Mid Cap,-21.35%,-2.20%,18.44%,32.34%,Aug 2007
NAFA Asset Managers Pvt Ltd,Emerging Bluechip Portfolio,Mid Cap,-0.81%,5.13%,18.07%,20.82%,Mar 2016
NAFA Asset Managers Pvt Ltd,Small Cap Portfolio,Small Cap,-6.98%,-0.09%,10.88%,16.69%,Mar 2019
NAFA Asset Managers Pvt Ltd,Clean Tech Portfolio,Mid Cap,-9.62%,5.90%,21.15%,NA,Sep 2021
Money Grow Asset Pvt Ltd,Large Midcap,Multi Cap & Flexi Cap,13.37%,13.86%,NA,NA,Apr 2023
Money Grow Asset Pvt Ltd,Bespoke,Multi Asset,5.29%,7.95%,NA,NA,Apr 2023
Money Grow Asset Pvt Ltd,Small Midcap,Small & Mid Cap,-13.09%,5.18%,NA,NA,Dec 2023
Money Grow Asset Pvt Ltd,Blend,Multi Cap & Flexi Cap,-3.73%,NA,NA,NA,Aug 2024
NMR Capital Advisors LLP,NMR Growth Strategy,Small Cap,-6.91%,NA,NA,NA,Jan 2025
Motilal Oswal Asset Management Company Ltd,Value Migration,Multi Cap & Flexi Cap,-1.21%,6.41%,19.64%,15.70%,Feb 2003
Motilal Oswal Asset Management Company Ltd,NTDOP,Multi Cap & Flexi Cap,3.75%,3.85%,14.34%,11.11%,Aug 2007
Motilal Oswal Asset Management Company Ltd,Mid to Mega Strategy,Small & Mid Cap,0.14%,9.26%,24.78%,17.49%,Dec 2019
Motilal Oswal Asset Management Company Ltd,Ethical Strategy,Multi Cap & Flexi Cap,-3.46%,0.47%,16.27%,NA,Jun 2021
Motilal Oswal Asset Management Company Ltd,Multifactor Equity,Multi Cap & Flexi Cap,4.94%,2.40%,20.78%,NA,May 2021
Motilal Oswal Asset Management Company Ltd,Founders,Multi Cap & Flexi Cap,-1.75%,7.99%,NA,NA,Mar 2023
Motilal Oswal Asset Management Company Ltd,India Growth Strategy,Multi Cap & Flexi Cap,3.17%,8.45%,NA,NA,Nov 2023
NJ Asset Management Pvt Ltd,Bluechip,Multi Cap & Flexi Cap,3.10%,6.04%,11.94%,12.34%,Mar 2018
NJ Asset Management Pvt Ltd,Freedom ETF,ETF,7.77%,8.13%,16.54%,14.21%,Mar 2018
NJ Asset Management Pvt Ltd,Multicap,Multi Cap & Flexi Cap,12.75%,8.69%,24.78%,23.71%,Apr 2016
NJ Asset Management Pvt Ltd,Balanced Advantage Portfolio,Hybrid,5.97%,7.30%,12.44%,NA,Dec 2021
Negen Capital Services Pvt Ltd,Special Situations and Technology Strategy,Multi Cap & Flexi Cap,3.33%,8.44%,25.04%,26.82%,Aug 2017
Narnolia Financial Services Ltd,Multicap Strategy,Multi Cap & Flexi Cap,8.03%,7.37%,11.77%,11.54%,Mar 2012
Narnolia Financial Services Ltd,Large Cap,Large Cap,7.04%,13.71%,17.14%,14.03%,Mar 2012
Narnolia Financial Services Ltd,5TX5T,Thematic,8.13%,7.98%,15.27%,13.19%,May 2015
Narnolia Financial Services Ltd,Mid and Small Cap,Small & Mid Cap,-0.15%,8.14%,20.41%,15.70%,May 2015
Narnolia Financial Services Ltd,Fusion Opportunity,Multi Cap & Flexi Cap,-16.00%,-2.97%,18.47%,NA,Sep 2022
Narnolia Financial Services Ltd,Multi Asset Strategy,Multi Asset,8.50%,7.86%,14.57%,15.13%,Aug 2019
Neo Asset Management Pvt Ltd,Yield Enhancer,Debt,11.74%,11.26%,NA,NA,Jan 2024
Neomile Asset Managers Private Limited,Neomile Growth Fund - Series I,Flexi Cap,-3.11%,10.30%,NA,NA,Jun 2023
Nexus Equity Growth Fund,Nexus Equity Growth Fund SCH 1,Small Cap,17.50%,NA,NA,NA,Dec 2024
Nepean Capital LLP,Long Term Opportunities Fund II,Multi Cap & Flexi Cap,-0.98%,-2.18%,15.39%,NA,Oct 2021
Nippon Life India Asset Management Ltd,Emerging India,Mid Cap,5.10%,5.80%,21.40%,19.80%,Apr 2017
Nippon Life India Asset Management Ltd,High Conviction,Multi Cap & Flexi Cap,5.80%,7.60%,17.80%,15.40%,Mar 2014
Nippon Life India Asset Management Ltd,Absolute Freedom,Large Cap,10.90%,7.70%,18.30%,16.10%,Sep 2004
Nippon Life India Asset Management Ltd,Indian Economic Transformation,Multi Cap & Flexi Cap,8.00%,6.70%,15.70%,14.70%,Oct 2018
Nirmal Bang Securities Pvt Ltd,Equity Multi Cap,Multi Cap & Flexi Cap,3.34%,2.91%,NA,NA,Oct 2023
Nine Rivers Capital Holdings Pvt Ltd,Aurum Small Cap Opportunities,Small Cap,-3.40%,-1.90%,16.90%,21.90%,Dec 2012
Nine Rivers Capital Holdings Pvt Ltd,Aurum Multiplier Portfolio,Multi Cap & Flexi Cap,5.50%,9.00%,19.50%,20.50%,Dec 2019
Northern Arc Investment Managers Pvt Ltd,Credit Opportunities Strategy,Debt,12.39%,NA,NA,NA,Feb 2024
Niveshaay Investment Management Private Limited,Niveshaay Hedgehogs Fund,Small & Mid Cap,-3.35%,NA,NA,NA,Oct 2024
Nippon Life India AIF Management Ltd,NIEO 9 - Undiscovered India,Small Cap,-3.80%,0.00%,NA,NA,Oct 2023
Nippon Life India AIF Management Ltd,NIEO 8 - Unlimited India,Flexi Cap,-0.30%,2.70%,14.80%,NA,Jun 2022
Nippon Life India AIF Management Ltd,NIEO 7 - Reimagine India Opportunity,Flexi Cap,5.20%,8.10%,20.00%,NA,Feb 2022
Nippon Life India AIF Management Ltd,NIEO 6 - Champions 21st Century,Flexi Cap,3.20%,4.50%,15.60%,NA,Feb 2021
Nippon Life India AIF Management Ltd,NIEO 5 - The 5 Trillion Dollar Opportunity,Flexi Cap,5.70%,6.10%,17.40%,17.10%,Jan 2020
Nippon Life India AIF Management Ltd,NIEO11 - Empowered India,Flexi Cap,NA,NA,NA,NA,Jul 2025
Nippon Life India AIF Management Ltd,NIEO10 - R.I.S.E,Flexi Cap,NA,NA,NA,NA,Feb 2025
OAKS Asset Management,ABC Equity Portfolio,Multi Cap & Flexi Cap,6.49%,3.14%,16.23%,16.49%,Jan 2021
Nuvama Asset Management Limited,Absolute Return Strategy,Debt,8.79%,9.81%,NA,NA,May 2023
Nuvama Asset Management Limited,Equities eXpansion Target,Mid Cap,-9.52%,1.93%,NA,NA,May 2023
Oculus Capital Alternative Investment Fund,Growth Fund,Multi Cap & Flexi Cap,-1.71%,5.77%,22.35%,NA,Jul 2021
Omniscience Capital Advisiors Private Limited,Omni Amrit Kaal,Multi Cap & Flexi Cap,NA,NA,NA,NA,Nov 2025
Omniscience Capital Advisiors Private Limited,Omni Barons,Mid Cap,NA,NA,NA,NA,Nov 2025
Omniscience Capital Advisiors Private Limited,Omni Capital Creators,Thematic,NA,NA,NA,NA,Nov 2025
Omniscience Capital Advisiors Private Limited,Omni Captains,Mid & Large Cap,NA,NA,NA,NA,Nov 2025
Omniscience Capital Advisiors Private Limited,Omni Centurions,Small Cap,NA,NA,NA,NA,Nov 2025
Omniscience Capital Advisiors Private Limited,Omni Dynamic Allocator,Hybrid,NA,NA,NA,NA,Nov 2025
Omniscience Capital Advisiors Private Limited,Omni Emperors,Large Cap,NA,NA,NA,NA,Nov 2025
Omniscience Capital Advisiors Private Limited,Omni Energy Transition,Thematic,NA,NA,NA,NA,Nov 2025
Omniscience Capital Advisiors Private Limited,Omni India Inc,Multi Cap & Flexi Cap,NA,NA,NA,NA,Nov 2025
Omniscience Capital Advisiors Private Limited,Omni Industry Inc,Thematic,NA,NA,NA,NA,Nov 2025
Omniscience Capital Advisiors Private Limited,Omni Navigator,Multi Asset,NA,NA,NA,NA,Nov 2025
Omniscience Capital Advisiors Private Limited,Omni Rail and Mobility,Thematic,NA,NA,NA,NA,Nov 2025
Omniscience Capital Advisiors Private Limited,Omni Services Corp,Thematic,NA,NA,NA,NA,Nov 2025
Omniscience Capital Advisiors Private Limited,Omni Strategic Defence,Thematic,NA,NA,NA,NA,Nov 2025
Omniscience Capital Advisiors Private Limited,Omni Super Cash,Debt,NA,NA,NA,NA,Nov 2025
Omniscience Capital Advisiors Private Limited,Omni Super Debt,Debt,NA,NA,NA,NA,Nov 2025
Omniscience Capital Advisiors Private Limited,Omni Super Invest,Multi Asset,NA,NA,NA,NA,Nov 2025
Omniscience Capital Advisiors Private Limited,Omni SuperNormal India,Multi Cap & Flexi Cap,NA,NA,NA,NA,Oct 2025
Omniscience Capital Advisiors Private Limited,Omni Super Pay,Multi Asset,NA,NA,NA,NA,Nov 2025
Omniscience Capital Advisiors Private Limited,Omni Victors,Small & Mid Cap,NA,NA,NA,NA,Nov 2025
PRPEdge Wealth Pvt Ltd,Alphaa Focused Small-Cap Portfolio,Small Cap,-3.88%,2.52%,NA,NA,Aug 2023
PRPEdge Wealth Pvt Ltd,Alphaa MPT Plus Fund,Multi Cap & Flexi Cap,7.36%,14.19%,NA,NA,Sep 2023
PRPEdge Wealth Pvt Ltd,Alphaa Better Risk Reward 30 stocks,Multi Cap & Flexi Cap,6.02%,6.57%,NA,NA,Sep 2023
PRPEdge Wealth Pvt Ltd,AlphaaMoney Equity+,ETF,13.49%,15.12%,NA,NA,Oct 2023
PGIM India,Core Equity Portfolio,Multi Cap & Flexi Cap,-1.69%,4.05%,10.58%,14.91%,Jul 2013
PGIM India,Phoenix Portfolio,Small & Mid Cap,-13.21%,-1.77%,11.31%,16.83%,Aug 2016
PGIM India,Equity Portfolio,Thematic,-12.64%,-1.91%,10.13%,NA,Jan 2023
Pace Financial Investment Adviser Pvt Ltd,Tresor Flexi,Multi Asset,29.68%,19.04%,19.17%,16.56%,Dec 2020
Pace Financial Investment Adviser Pvt Ltd,Tresor Secure,Debt,8.66%,12.23%,11.60%,9.78%,Jan 2021
Pace Financial Investment Adviser Pvt Ltd,Smart Alpha,Multi Asset,12.00%,NA,NA,NA,Jul 2024
Pelican Holdings Pvt Ltd,PE Fund,Large Cap,10.28%,7.11%,13.65%,10.71%,Jun 2018
Piper Serica Advisors Pvt Ltd,Leader Portfolio Strategy,Multi Cap & Flexi Cap,7.89%,4.96%,18.69%,13.49%,Jun 2019
Phillip Capital India Pvt Ltd,Emerging India Portfolio,Small & Mid Cap,-0.18%,1.23%,11.43%,13.19%,Aug 2017
Phillip Capital India Pvt Ltd,Signature India Portfolio,Multi Cap & Flexi Cap,1.61%,2.00%,9.59%,10.20%,May 2016
Phillip Capital India Pvt Ltd,Ethical India Portfolio,Multi Cap & Flexi Cap,-7.83%,-1.16%,7.05%,9.11%,Dec 2017
Phillip Capital India Pvt Ltd,Income Builder Portfolio,Debt,12.19%,13.12%,NA,NA,Aug 2023
Pluswealth Capital Management LLP,PlusWealth Fusion,Multi Asset,NA,NA,NA,NA,Oct 2025
Prabhudas Lilladher,Multi Asset Dynamic Portfolio,Multi Asset,22.10%,12.33%,16.73%,NA,Jun 2021
Prabhudas Lilladher,Aqua Strategy,Multi Cap & Flexi Cap,10.66%,3.82%,NA,NA,Jun 2023
Prabhudas Lilladher,Multi Asset Dynamic Portfolio Alpha,Multi Asset,18.62%,5.67%,NA,NA,Sep 2023
Prescientcap Investment Advisors LLP,High Quality Consistent Compounders,Multi Cap & Flexi Cap,11.11%,12.28%,25.25%,NA,Dec 2021
Prithvi Finmart Pvt Ltd,Balanced Portfolio,Multi Cap & Flexi Cap,-9.72%,1.04%,NA,NA,Jul 2023
Profitgate Capital Services LLP,Classic Compounders Equity Strategy,Multi Cap & Flexi Cap,2.93%,5.08%,NA,NA,Oct 2023
Profusion Investment Trust,Profusion All Weather Fund,Flexi Cap,NA,NA,NA,NA,Jun 2025
Prosperity Wealth Management Pvt Ltd,Discovery Fund,Multi Cap & Flexi Cap,-12.65%,-2.45%,13.45%,15.57%,Dec 2020
Prudent Equity Pvt Ltd,Prudent Equity Growth Strategy,Multi Cap & Flexi Cap,-5.42%,NA,NA,NA,Jul 2024
QED Capital Advisors LLP,Alphabets,Small & Mid Cap,7.16%,2.77%,19.10%,NA,Apr 2021
QED Capital Advisors LLP,Core-Equity,Mid & Large Cap,NA,NA,NA,NA,Apr 2025
Purnartha Investment Advisers Pvt Ltd,Pratham Strategy,Multi Cap & Flexi Cap,-2.57%,4.46%,14.63%,9.58%,Sep 2020
Purnartha Investment Advisers Pvt Ltd,Vision Strategy,Multi Cap & Flexi Cap,-3.90%,4.38%,12.91%,NA,Mar 2021
Purnartha Investment Advisers Pvt Ltd,Dynamic Midcap Strategy,Mid Cap,6.53%,7.98%,NA,NA,Feb 2023
Purnartha Investment Advisers Pvt Ltd,Purnartha One Strategy,Multi Asset,6.60%,6.60%,NA,NA,Sep 2023
Qode Advisors LLP,Qode Future Horizon,Small Cap,-13.97%,NA,NA,NA,Nov 2024
Qode Advisors LLP,Qode All Weather,Multi Cap & Flexi Cap,36.74%,NA,NA,NA,Nov 2024
Qode Advisors LLP,Qode Tactical Fund,Multi Cap & Flexi Cap,17.90%,NA,NA,NA,Nov 2024
Qode Advisors LLP,Qode Growth Fund,Small Cap,NA,NA,NA,NA,Mar 2025
Quest Investment Managers,Flagship,Multi Cap & Flexi Cap,-10.84%,10.87%,14.46%,13.92%,Oct 2007
Quest Investment Managers,Multi,Multi Cap & Flexi Cap,4.31%,10.41%,19.68%,17.66%,Aug 2014
Roha Asset Managers LLP,Emerging Champions Portfolio,Small & Mid Cap,-5.62%,1.24%,20.15%,25.45%,Sep 2020
Rational Equity Trust,Rational Equity Flagship Fund I,Multi Cap & Flexi Cap,-2.83%,7.46%,NA,NA,Mar 2023
Rational Equity Trust,Rational Equity Scheme - 2,Flexi Cap,NA,NA,NA,NA,Apr 2025
Renaissance Investment Managers Pvt Ltd,Midcap Portfolio,Mid Cap,-1.16%,-0.23%,14.44%,17.97%,Jan 2018
Renaissance Investment Managers Pvt Ltd,Opportunities Portfolio,Large Cap,3.56%,7.86%,16.95%,18.31%,Jan 2018
Renaissance Investment Managers Pvt Ltd,Indianext Portfolio,Multi Cap & Flexi Cap,2.25%,8.34%,18.90%,25.80%,Apr 2018
Right Horizons,India Business Leader,Large Cap,3.26%,7.16%,15.21%,14.65%,Nov 2012
Right Horizons,Flexi Cap,Multi Cap & Flexi Cap,-3.94%,-0.91%,10.36%,14.68%,Nov 2012
Right Horizons,Super Value,Mid Cap,-5.13%,3.97%,16.35%,20.75%,Nov 2012
Right Horizons,Perennial,Multi Cap & Flexi Cap,-10.65%,1.11%,17.63%,NA,Apr 2021
Right Horizons,All Seasons,Multi Asset,14.09%,11.68%,16.58%,15.23%,Nov 2019
Right Horizons,Super Value Aggressive,Small Cap,-8.27%,4.71%,NA,NA,May 2023
Right Horizons,Alphabots India 100,Large Cap,11.43%,13.07%,NA,NA,Mar 2023
Right Horizons,Alphabots India Largecap 30,Large Cap,2.76%,4.16%,NA,NA,Mar 2023
Right Horizons,Alphabots Midcap 29,Mid Cap,6.55%,11.65%,NA,NA,Mar 2023
Right Horizons,Alliance,Multi Asset,4.83%,9.16%,13.89%,14.06%,Jul 2014
SKG Investments Trust,SKG India Small and Midcap Fund,Small & Mid Cap,NA,NA,NA,NA,Oct 2025
SBI Funds Management Pvt Ltd,ESG,Multi Cap & Flexi Cap,-3.69%,4.44%,11.40%,16.83%,Jul 2016
SBI Funds Management Pvt Ltd,Aeon Alpha Pms,Multi Cap & Flexi Cap,-2.74%,3.52%,15.22%,NA,Jan 2022
SVAN Investment Managers LLP,Velocity,Small & Mid Cap,-6.78%,9.86%,NA,NA,Jul 2023
SMC Global Securities Ltd,Growth Strategy,Multi Cap & Flexi Cap,-1.66%,0.92%,10.59%,12.72%,Oct 2019
SageOne Investment Managers LLP,SageOne Smallcap Portfolio,Small Cap,-2.18%,-2.12%,11.60%,16.38%,Jan 2017
SageOne Investment Managers LLP,Large and Midcap Portfolio,Mid & Large Cap,3.70%,12.20%,22.40%,NA,Apr 2022
Samarth Equities Portfolio Managers LLP,Samarth Emerging Fund,Mid & Large Cap,NA,NA,NA,NA,Jun 2025
Sanctum Wealth Pvt Ltd,Indian Titans,Multi Cap & Flexi Cap,1.57%,6.16%,10.29%,12.49%,Nov 2016
Sanctum Wealth Pvt Ltd,Indian Olympians,Large Cap,8.23%,9.44%,11.70%,11.08%,Sep 2016
Sameeksha Capital Pvt Ltd,Equity Fund,Multi Cap & Flexi Cap,4.75%,8.92%,23.33%,22.30%,Apr 2016
Samvitti Capital Pvt Ltd,PMS Active Alpha Multicap,Multi Cap & Flexi Cap,-12.01%,0.47%,26.89%,NA,Apr 2021
Samvitti Capital Pvt Ltd,PMS Long Term Growth,Mid & Large Cap,2.48%,2.97%,12.65%,13.54%,Nov 2015
Samvitti Capital Pvt Ltd,PMS Aggressive Growth,Multi Cap & Flexi Cap,-9.98%,-3.54%,18.65%,15.11%,Oct 2015
Senora Asset Management Co Ltd,Senora Stag Series 1,Large Cap,13.35%,NA,NA,NA,Jun 2024
Scient Capital Pvt Ltd,Aries PMS,Debt,-3.39%,2.23%,1.04%,3.20%,Aug 2016
Scient Capital Pvt Ltd,Zen PMS,Debt,7.08%,5.56%,5.60%,NA,Dec 2020
Shade Capital Pvt Ltd,Value Fund,Multi Cap & Flexi Cap,5.41%,6.98%,23.80%,17.33%,Feb 2012
Shepherd's Hill Financial Advisors LLP,Value Magno,Multi Cap & Flexi Cap,13.07%,9.58%,31.40%,25.97%,Jul 2015
Shree Rama Managers LLP,Lakshmi Plan,Multi Cap & Flexi Cap,-5.79%,-0.42%,15.40%,NA,May 2022
Shree Rama Managers LLP,Vriddhi Plan,Multi Cap & Flexi Cap,-12.25%,-9.15%,10.62%,NA,May 2022
Shree Rama Managers LLP,Wealth Builder Plan,Multi Asset,6.97%,10.77%,17.62%,NA,Apr 2022
Shree Rama Managers LLP,Dynamic Plan,Multi Asset,3.64%,2.41%,NA,NA,Apr 2023
Shree Rama Managers LLP,Smart Market Plan,Multi Cap & Flexi Cap,8.15%,NA,NA,NA,Jan 2025
Shriram Asset Management Company Limited,LEAPS,Mid & Large Cap,NA,NA,NA,NA,Feb 2025
Shriram Asset Management Company Limited,Future GEMS,Small & Mid Cap,NA,NA,NA,NA,Feb 2025
SilverArch Investment Advisers Pvt Ltd,India Equity Portfolio,Multi Cap & Flexi Cap,8.52%,6.95%,24.50%,20.20%,Sep 2017
Sincere Syndication And Corporate Services LLP,Fixed Income plus,Multi Asset,7.49%,7.42%,NA,NA,May 2023
Sincere Syndication And Corporate Services LLP,Metamorphosis Fund,Multi Cap & Flexi Cap,-0.46%,2.80%,NA,NA,May 2023
Smart Horizon Alternative Investment Trust,Smart Horizon Opportunity Fund,Small Cap,-2.04%,NA,NA,NA,Jun 2024
Sohum Asset Managers Pvt Ltd,India Opportunities Fund,Large Cap,14.32%,12.71%,20.89%,NA,May 2022
Singularity AMC LLP,Singularity Equity Fund I,Multi Cap & Flexi Cap,5.41%,30.94%,NA,NA,Jul 2023
Sowilo Investment Managers,Multicap Fund,Multi Cap & Flexi Cap,0.91%,6.76%,NA,NA,Jun 2023
Sowilo Investment Managers,Target Return Investment Fund,Small & Mid Cap,-7.62%,4.86%,NA,NA,Jun 2023
Spark Asia Impact Managers Pvt Ltd,India at 75 FlexiCap,Multi Cap & Flexi Cap,10.27%,7.59%,19.63%,19.37%,Feb 2019
Spark Asia Impact Managers Pvt Ltd,India at 75 Core and Satellite,Multi Cap & Flexi Cap,7.73%,5.43%,18.04%,20.08%,Jun 2019
Square 64 Capital Advisors LLP,Multicap,Multi Cap & Flexi Cap,1.05%,NA,NA,NA,Oct 2024
Stallion Asset Pvt Ltd,Core Fund,Multi Cap & Flexi Cap,7.15%,23.36%,38.45%,26.56%,Oct 2018
Solidarity Advisors Pvt Ltd,Prudence,Multi Cap & Flexi Cap,5.36%,10.26%,12.75%,12.77%,May 2016
Standard Chartered Securities India Ltd,SC Autograph Vibrant India Equity,Large Cap,10.59%,15.88%,20.93%,17.89%,Jan 2011
Steptrade Capital,Revolution Fund 1,SME & Micro Cap,-14.28%,NA,NA,NA,May 2024
Steptrade Capital,Chanakya Opportunities Fund,SME,7.10%,NA,NA,NA,Jul 2023
Svobodha Infinity Investment Advisors Pvt Ltd,AD-ASTRA,Multi Cap & Flexi Cap,-7.61%,4.77%,NA,NA,Sep 2023
Swyom Advisors Ltd,India Alpha Fund,Long Short,3.50%,22.60%,NA,NA,Sep 2023
Sundaram Alternate Assets Ltd,SELF Portfolio,Mid Cap,13.55%,11.63%,19.15%,17.44%,Jun 2010
Sundaram Alternate Assets Ltd,SISOP,Multi Cap & Flexi Cap,15.86%,19.58%,20.69%,17.72%,Feb 2010
Sundaram Alternate Assets Ltd,VOYAGER,Multi Cap & Flexi Cap,9.88%,16.48%,19.71%,17.83%,Nov 2016
Sundaram Alternate Assets Ltd,Rising Stars,Small Cap,10.28%,5.24%,11.81%,16.56%,Nov 2009
Sundaram Alternate Assets Ltd,FIRST Aggressive Strategy,Debt,9.45%,NA,NA,NA,May 2024
Sundaram Alternate Assets Ltd,FIRST Moderate Strategy,Debt,9.61%,NA,NA,NA,Jun 2024
Sundaram Alternate Assets Ltd,FIRST Conservative Strategy,Debt,8.98%,NA,NA,NA,Jul 2024
Sykes and Ray Equities India Ltd,SRE Shield,Mid & Large Cap,4.00%,3.61%,11.92%,10.23%,May 2018
Systematix Shares and Stock (I) Ltd,Dynamic Investment Portfolio,Multi Cap & Flexi Cap,10.09%,9.26%,22.48%,22.42%,Apr 2018
TCG Advisory Service Pvt Ltd,Transformative Growth,Small Cap,0.28%,NA,NA,NA,Oct 2024
Tamohara Investment Managers Pvt Ltd,TIOS,Multi Cap & Flexi Cap,0.00%,0.64%,6.59%,10.08%,Mar 2016
Tamohara Investment Managers Pvt Ltd,TRUFFLE,Multi Cap & Flexi Cap,3.70%,10.47%,16.68%,NA,Apr 2021
Tamohara Investment Managers Pvt Ltd,Q,Multi Cap & Flexi Cap,-0.79%,3.01%,10.01%,NA,Jun 2022
Thinqwise Wealth Managers LLP,India Long Term Fund,Multi Cap & Flexi Cap,-2.23%,3.40%,NA,NA,Jun 2023
The Investment Trust of India Ltd,Long Short Equity Fund,Long Short,7.70%,11.70%,15.33%,13.12%,Apr 2018
Tata Asset Management Ltd,Emerging opportunities,Small & Mid Cap,3.25%,8.19%,17.60%,15.83%,Apr 2006
Tata Asset Management Ltd,ACT,Multi Cap & Flexi Cap,2.73%,5.54%,13.33%,13.63%,Feb 2019
Tata Asset Management Ltd,Enterprising India Investment Approach,Multi Cap & Flexi Cap,5.61%,11.74%,13.62%,13.33%,Apr 2006
Trivantage Capital Management India Pvt Ltd,Edge Portfolio,Multi Cap & Flexi Cap,5.37%,8.62%,18.77%,15.46%,May 2020
Trivantage Capital Management India Pvt Ltd,Small and Midcap Financials,Small & Mid Cap,23.56%,9.33%,NA,NA,Mar 2023
Trivantage Capital Management India Pvt Ltd,Emerging Leaders,Small & Mid Cap,NA,NA,NA,NA,Apr 2025
Tradeswift Broking Private Limited,Multi Asset,Multi Asset,-1.73%,NA,NA,NA,Mar 2024
Tradeswift Broking Private Limited,Sparkling Gems,Small Cap,NA,NA,NA,NA,Oct 2025
Tulsian PMS Pvt Ltd,Tulsian PMS,Large Cap,11.46%,4.33%,20.37%,26.61%,Apr 2020
True Beacon Investment Advisors LLP,EqFactorQuant,Mid & Large Cap,-1.74%,0.56%,17.72%,NA,Aug 2022
True Beacon Investment Advisors LLP,Flexicap Fundamental Opportunities,Multi Cap & Flexi Cap,16.02%,9.96%,NA,NA,Mar 2023
Turtle Wealth Management Pvt Ltd,Wealth Mantra,Multi Cap & Flexi Cap,28.04%,16.27%,25.66%,20.91%,Sep 2019
Turtle Wealth Management Pvt Ltd,Profit Mantra,Multi Cap & Flexi Cap,19.07%,21.17%,27.59%,NA,Aug 2021
Two X Capital Investment Trust,Two X Capital Exponential Opportunities Fund,Multi Cap,NA,NA,NA,NA,Dec 2025
Vajra One Cap Trust,Vajra Capital Growth Scheme,Mid & Large Cap,13.49%,NA,NA,NA,Mar 2024
Unifi Capital Pvt Ltd,Blended Rangoli,Multi Cap & Flexi Cap,1.76%,2.90%,13.33%,16.78%,Jun 2017
Unifi Capital Pvt Ltd,BCAD,Mid Cap,3.53%,1.41%,12.67%,14.70%,Apr 2018
Unifi Capital Pvt Ltd,APJ 20,Mid Cap,3.80%,4.34%,19.21%,20.32%,Sep 2015
Unifi Capital Pvt Ltd,Insider Shadow,Mid Cap,-1.49%,-0.67%,9.86%,13.50%,May 2010
Unifi Capital Pvt Ltd,BCAD2 Breakout 20,Mid Cap,1.18%,2.38%,12.58%,NA,Jan 2022
Valcreate Investment Managers LLP,Growing India,Multi Cap & Flexi Cap,2.35%,3.48%,NA,NA,Feb 2023
Valcreate Investment Managers LLP,Lifesciences and Specialty Opportunities,Thematic,4.96%,9.71%,NA,NA,Feb 2023
Vallum Capital Advisor Pvt Ltd,Vallum India Discovery,Small & Mid Cap,-8.21%,-4.16%,13.11%,15.78%,Sep 2020
Vallum Capital Advisor Pvt Ltd,Vallum Multi Activa Strategy,Multi Asset,38.06%,NA,NA,NA,Jan 2025
Valentis Advisors Pvt Ltd,Multi-Cap Fund,Multi Cap & Flexi Cap,-1.81%,0.19%,12.48%,15.92%,Oct 2018
Valentis Advisors Pvt Ltd,Rising Star Opportunity,Small Cap,-5.20%,-2.73%,12.28%,22.15%,Aug 2016
Value Prolific Investments and Consulting Pvt Ltd,Alpha A,Multi Cap & Flexi Cap,-0.87%,6.80%,15.62%,NA,Apr 2021
Value Prolific Investments and Consulting Pvt Ltd,Balanced B,Mid & Large Cap,9.26%,9.35%,14.33%,NA,Jul 2021
Value Prolific Investments and Consulting Pvt Ltd,Conserve C,Large Cap,3.56%,6.29%,16.16%,NA,Apr 2021
Valuequest Investment Advisors Pvt Ltd,Growth,Multi Cap & Flexi Cap,-6.96%,3.64%,17.96%,20.66%,Oct 2010
Valuequest Investment Advisors Pvt Ltd,Platinum,Multi Cap & Flexi Cap,-11.72%,3.69%,18.68%,22.55%,Jul 2014
Valtrust Partners LLP,Valtrust Momentum,Multi Cap & Flexi Cap,4.06%,2.00%,23.03%,NA,Jan 2023
Valtrust Partners LLP,Equity Hybrid Funds,Hybrid,23.49%,18.90%,NA,NA,Mar 2023
Valtrust Partners LLP,Equity Funds,Multi Cap & Flexi Cap,15.79%,14.95%,NA,NA,Mar 2023
Wallfort PMS and Advisory Services LLP,Diversified Fund,Small & Mid Cap,-7.94%,17.54%,36.58%,35.53%,Nov 2018
Wallfort PMS and Advisory Services LLP,Avenue Fund,Small & Mid Cap,13.73%,9.50%,30.89%,NA,Apr 2022
Wallfort PMS and Advisory Services LLP,Ameya Fund,Small & Mid Cap,-13.73%,4.75%,NA,NA,Dec 2022
Wallfort PMS and Advisory Services LLP,India Contra Equity Fund,Small & Mid Cap,2.35%,NA,NA,NA,Jan 2024
Wallfort PMS and Advisory Services LLP,Kosh Value Fund,Small & Mid Cap,-15.88%,NA,NA,NA,Jul 2024
Wallfort PMS and Advisory Services LLP,Focus Fund,Small & Mid Cap,-6.15%,NA,NA,NA,Jul 2024
Wave Asset Private Limited,Bloom,Multi Cap & Flexi Cap,22.61%,NA,NA,NA,May 2024
Wave Asset Private Limited,Pure Alpha,Multi Cap & Flexi Cap,14.06%,NA,NA,NA,Mar 2024
Waya Financial Technologies Pvt Ltd,Bin73 Sunrise Alpha,Small & Mid Cap,-3.36%,NA,NA,NA,Nov 2024
Wealth Managers (India) Pvt Ltd,Focused Leadership Portfolio,Multi Cap & Flexi Cap,11.21%,10.35%,12.65%,13.60%,Jun 2015
White Oak Capital Management Consultants LLP,India Pioneers Equity Portfolio,Multi Cap & Flexi Cap,4.02%,8.10%,13.67%,12.99%,Sep 2018
White Oak Capital Management Consultants LLP,Digital Leaders,Thematic,0.56%,8.08%,14.58%,NA,Jan 2022
White Oak Capital Management Consultants LLP,Research Select Equity,Multi Cap & Flexi Cap,6.58%,NA,NA,NA,May 2024
White Oak Capital Management Consultants LLP,Business Leaders PMS,Multi Cap & Flexi Cap,6.71%,10.16%,14.18%,12.60%,Jan 2021
White Pine Investment Management Private Limited,White Pine India Emerging Stars,Multi Cap & Flexi Cap,6.69%,11.11%,34.24%,NA,May 2022
White Whale Partners LLP,North Star Portfolio,Multi Cap & Flexi Cap,9.16%,5.30%,10.95%,11.16%,Nov 2020
White Whale Partners LLP,White Whale Partners LLP RISING STAR PF,Multi Cap & Flexi Cap,10.07%,NA,NA,NA,Oct 2024
YES Securities India Limited,YES Wealth Maximiser,Multi Cap & Flexi Cap,8.71%,NA,NA,NA,Feb 2024
YES Securities India Limited,Yes Alpha Plus Fund,Long Short - Conservative,-3.67%,4.74%,5.27%,7.08%,Oct 2020
Wryght Research and Capital Pvt Ltd,Alpha Fund,Multi Cap & Flexi Cap,-15.28%,-14.08%,NA,NA,Aug 2023
Wryght Research and Capital Pvt Ltd,Factor Fund - Hedged,Multi Cap & Flexi Cap,-4.46%,-0.15%,NA,NA,Aug 2023
Wryght Research and Capital Pvt Ltd,Factor Fund,Multi Cap & Flexi Cap,-1.45%,0.57%,NA,NA,Aug 2023
Whitespace Alpha,Whitespace Fund I - Equity Plus,Long Short - Conservative,14.04%,14.04%,20.25%,22.81%,Oct 2019
Whitespace Alpha,Whitespace Fund II - Debt Plus,Debt,10.76%,12.23%,13.19%,12.75%,Aug 2020
Whitespace Alpha,Whitespace Fund 3 - Hybrid Plus,Long Short,12.51%,NA,NA,NA,Jul 2024
ithought Financial Consulting LLP,SOLITAIRE,Multi Cap & Flexi Cap,2.52%,7.11%,20.19%,22.62%,Aug 2019
ithought Financial Consulting LLP,VRDDHI,Small Cap,-10.60%,-3.93%,17.68%,NA,May 2021
ithought Financial Consulting LLP,TRUBLU,Large Cap,7.41%,9.40%,13.31%,NA,Mar 2021
ithought Financial Consulting LLP,SPHERE,Multi Asset,31.90%,27.71%,28.54%,NA,Dec 2021
ithought Financial Consulting LLP,NIO,Multi Asset,21.52%,22.37%,25.11%,NA,Oct 2022
